{"cameraMode":{"drawMode":0,"name":"Shaded","section":"Shading Mode"},"sceneLighting":false,"audioPlay":false,"sceneViewState":{"m_AlwaysRefresh":false,"showFog":true,"showSkybox":false,"showFlares":true,"showImageEffects":true,"showParticleSystems":true,"showVisualEffectGraphs":true,"m_FxEnabled":true},"in2DMode":false,"pivot":{"x":0.14578628540039063,"y":1.3289690017700196,"z":-42.87814712524414},"rotation":{"x":0.07284294813871384,"y":-0.3017931282520294,"z":0.02312573790550232,"w":0.9503108263015747},"size":1.1995718479156495,"orthographic":false}