{"cameraMode":{"drawMode":0,"name":"Shaded","section":"Shading Mode"},"sceneLighting":false,"audioPlay":false,"sceneViewState":{"m_AlwaysRefresh":false,"showFog":true,"showSkybox":false,"showFlares":true,"showImageEffects":true,"showParticleSystems":true,"showVisualEffectGraphs":true,"m_FxEnabled":true},"in2DMode":false,"pivot":{"x":0.26496878266334536,"y":1.267190933227539,"z":-0.17620554566383363},"rotation":{"x":0.2155318707227707,"y":-0.29345449805259707,"z":0.06809189915657044,"w":0.9288784265518189},"size":0.23919492959976197,"orthographic":false}