{"cameraMode":{"drawMode":0,"name":"Shaded","section":"Shading Mode"},"sceneLighting":false,"audioPlay":false,"sceneViewState":{"m_AlwaysRefresh":false,"showFog":true,"showSkybox":false,"showFlares":true,"showImageEffects":true,"showParticleSystems":true,"showVisualEffectGraphs":true,"m_FxEnabled":true},"in2DMode":false,"pivot":{"x":0.5834546089172363,"y":0.9847556352615356,"z":-10.890739440917969},"rotation":{"x":0.034959834069013599,"y":-0.8958827257156372,"z":0.07165157794952393,"w":0.4371006488800049},"size":0.15122349560260774,"orthographic":false}