{"cameraMode":{"drawMode":0,"name":"Shaded","section":"Shading Mode"},"sceneLighting":false,"audioPlay":false,"sceneViewState":{"m_AlwaysRefresh":false,"showFog":true,"showSkybox":false,"showFlares":true,"showImageEffects":true,"showParticleSystems":true,"showVisualEffectGraphs":true,"m_FxEnabled":true},"in2DMode":false,"pivot":{"x":-0.012603670358657837,"y":0.6561339497566223,"z":-0.1312779188156128},"rotation":{"x":0.009359336458146572,"y":0.9091565012931824,"z":-0.020459309220314027,"w":0.41585826873779299},"size":1.0153504610061646,"orthographic":true}