{"cameraMode":{"drawMode":0,"name":"Shaded","section":"Shading Mode"},"sceneLighting":false,"audioPlay":false,"sceneViewState":{"m_AlwaysRefresh":false,"showFog":true,"showSkybox":false,"showFlares":true,"showImageEffects":true,"showParticleSystems":true,"showVisualEffectGraphs":true,"m_FxEnabled":true},"in2DMode":false,"pivot":{"x":-0.3619999885559082,"y":0.210999995470047,"z":0.2410000115633011},"rotation":{"x":0.008407673798501492,"y":-0.9380306601524353,"z":0.022806722670793535,"w":0.34571361541748049},"size":0.2794160842895508,"orthographic":false}