{"cameraMode":{"drawMode":0,"name":"Shaded","section":"Shading Mode"},"sceneLighting":false,"audioPlay":false,"sceneViewState":{"m_AlwaysRefresh":false,"showFog":true,"showSkybox":false,"showFlares":true,"showImageEffects":true,"showParticleSystems":true,"showVisualEffectGraphs":true,"m_FxEnabled":true},"in2DMode":false,"pivot":{"x":-0.6628702878952026,"y":1.0926729440689088,"z":-0.14964726567268372},"rotation":{"x":0.008103751577436924,"y":-0.8966110944747925,"z":0.016417358070611955,"w":0.44246211647987368},"size":0.30075204372406008,"orthographic":false}