{"cameraMode":{"drawMode":0,"name":"Shaded","section":"Shading Mode"},"sceneLighting":false,"audioPlay":false,"sceneViewState":{"m_AlwaysRefresh":false,"showFog":true,"showSkybox":false,"showFlares":true,"showImageEffects":true,"showParticleSystems":true,"showVisualEffectGraphs":true,"m_FxEnabled":true},"in2DMode":false,"pivot":{"x":-0.8220965266227722,"y":0.06268692016601563,"z":-0.029103543609380723},"rotation":{"x":-0.08445028215646744,"y":-0.77483731508255,"z":0.10594386607408524,"w":-0.6175207495689392},"size":0.828935444355011,"orthographic":false}