{"cameraMode":{"drawMode":0,"name":"Shaded","section":"Shading Mode"},"sceneLighting":true,"audioPlay":false,"sceneViewState":{"m_AlwaysRefresh":false,"showFog":true,"showSkybox":false,"showFlares":true,"showImageEffects":true,"showParticleSystems":true,"showVisualEffectGraphs":true,"m_FxEnabled":true},"in2DMode":false,"pivot":{"x":0.25104087591171267,"y":1.2077361345291138,"z":-48.24870300292969},"rotation":{"x":0.08023261278867722,"y":-0.19458386301994325,"z":0.01597149297595024,"w":0.9774703979492188},"size":1.7366853952407838,"orthographic":false}